<configs>

	<append xpath="/items">
	
		<!-- Schematics -->
	
		<item name="meleeToolAllSteelPartsSchematic">
			<property name="Extends" value="schematicMaster"/>
			<property name="CreativeMode" value="Player"/>
			<property name="CustomIcon" value="meleeToolAllSteelParts"/>
			<property name="Unlocks" value="meleeToolAllSteelParts"/>
			<effect_group tiered="false">
				<triggered_effect trigger="onSelfPrimaryActionEnd" action="ModifyCVar" cvar="meleeToolAllSteelParts" operation="set" value="1"/>
			</effect_group>
		</item>
		
		<item name="foodMRESchematic">
			<property name="Extends" value="schematicMaster"/>
			<property name="CreativeMode" value="Player"/>
			<property name="CustomIcon" value="foodMRE"/>
			<property name="Unlocks" value="foodMRE"/>
			<effect_group tiered="false">
				<triggered_effect trigger="onSelfPrimaryActionEnd" action="ModifyCVar" cvar="foodMRE" operation="set" value="1"/>
				<triggered_effect trigger="onSelfPrimaryActionEnd" action="GiveExp" exp="50"/>
			</effect_group>
		</item>
		
		<!-- Trade Items -->

		<item name="resourceAceOfSpades"> <!-- scrap material -->
			<property name="CustomIcon" value="resourceAceOfSpades"/>
			<property name="HoldType" value="40"/>
			<property name="Meshfile" value="#Other/Items?Misc/sackPrefab.prefab"/>
			<property name="DropMeshfile" value="#Other/Items?Misc/sack_droppedPrefab.prefab"/>
			<property name="DropScale" value="1"/>
			<property name="Material" value="MresourcePaper"/>
			<property name="Stacknumber" value="1"/> <!-- STK resource -->
			<property name="EconomicValue" value="8000"/>
			<property name="Group" value="Resources"/>
			<property name="CraftingIngredientTime" value=".5"/>
		</item>
		
		<!-- Food Items -->
		
		<item name="foodMRE">
			<property name="UnlockedBy" value="foodMRESchematic"/>
			<property name="CustomIcon" value="foodMRE"/>
			<property name="Tags" value="food"/>
			<property name="HoldType" value="31"/>
			<property name="DisplayType" value="food"/>
			<property name="Meshfile" value="#Other/Items?Misc/parcelPrefab.prefab"/>
			<property name="DropMeshfile" value="#Other/Items?Misc/sack_droppedPrefab.prefab"/>
			<property name="Material" value="Morganic"/>
			<property name="Stacknumber" value="5"/> <!-- STK food -->
			<property name="EconomicValue" value="300"/>
			<property class="Action0">
				<property name="Class" value="Eat"/>
				<property name="Delay" value="2.1"/>
				<property name="Use_time" value=".8.."/>
				<property name="Sound_start" value="player_eating"/>
			</property>
			<effect_group tiered="false">
				<triggered_effect trigger="onSelfPrimaryActionEnd" action="ModifyCVar" cvar="$waterAmountAdd" operation="add" value="35"/>
				<triggered_effect trigger="onSelfPrimaryActionEnd" action="ModifyCVar" cvar="$foodAmountAdd" operation="add" value="35"/>
				<triggered_effect trigger="onSelfPrimaryActionEnd" action="ModifyCVar" cvar="foodHealthAmount" operation="add" value="20"/>
				<triggered_effect trigger="onSelfPrimaryActionEnd" action="AddBuff" buff="buffProcessConsumables"/>
			</effect_group>
		</item>
		
	</append>
	
	<!-- Item property append
	<setattribute xpath="/items/item[@name='']/property[@name='']" name="value">  </setattribute> 
	-->
	
	<!-- Changing ammo stack size -->
	<setattribute xpath="/items/item[@name='ammo9mmBulletBall']/property[@name='Stacknumber']" name="value"> 500 </setattribute> 
	<setattribute xpath="/items/item[@name='ammo9mmBulletHP']/property[@name='Stacknumber']" name="value"> 500 </setattribute> 
	<setattribute xpath="/items/item[@name='ammo9mmBulletAP']/property[@name='Stacknumber']" name="value"> 500 </setattribute> 
	
	<setattribute xpath="/items/item[@name='ammo44MagnumBulletBall']/property[@name='Stacknumber']" name="value"> 500 </setattribute> 
	<setattribute xpath="/items/item[@name='ammo44MagnumBulletHP']/property[@name='Stacknumber']" name="value"> 500 </setattribute> 
	<setattribute xpath="/items/item[@name='ammo44MagnumBulletAP']/property[@name='Stacknumber']" name="value"> 500 </setattribute> 
	
	<setattribute xpath="/items/item[@name='ammo762mmBulletBall']/property[@name='Stacknumber']" name="value"> 500 </setattribute> 
	<setattribute xpath="/items/item[@name='ammo762mmBulletHP']/property[@name='Stacknumber']" name="value"> 500 </setattribute> 
	<setattribute xpath="/items/item[@name='ammo762mmBulletAP']/property[@name='Stacknumber']" name="value"> 500 </setattribute> 
	
	<setattribute xpath="/items/item[@name='ammoShotgunShell']/property[@name='Stacknumber']" name="value"> 500 </setattribute> 
	<setattribute xpath="/items/item[@name='ammoShotgunSlug']/property[@name='Stacknumber']" name="value"> 500 </setattribute> 
	<setattribute xpath="/items/item[@name='ammoShotgunBreachingSlug']/property[@name='Stacknumber']" name="value"> 500 </setattribute>
	<setattribute xpath="/items/item[@name='ammoBlunderbuss']/property[@name='Stacknumber']" name="value"> 500 </setattribute>
	
	<setattribute xpath="/items/item[@name='ammoRocketHE']/property[@name='Stacknumber']" name="value"> 500 </setattribute>
	<setattribute xpath="/items/item[@name='ammoRocketFrag']/property[@name='Stacknumber']" name="value"> 500 </setattribute>
	
	<setattribute xpath="/items/item[@name='ammoArrowStone']/property[@name='Stacknumber']" name="value"> 500 </setattribute>
	<setattribute xpath="/items/item[@name='ammoArrowIron']/property[@name='Stacknumber']" name="value"> 500 </setattribute>
	<setattribute xpath="/items/item[@name='ammoArrowSteelAP']/property[@name='Stacknumber']" name="value"> 500 </setattribute>
	<setattribute xpath="/items/item[@name='ammoArrowFlaming']/property[@name='Stacknumber']" name="value"> 500 </setattribute>
	<setattribute xpath="/items/item[@name='ammoArrowExploding']/property[@name='Stacknumber']" name="value"> 500 </setattribute>
	
	<setattribute xpath="/items/item[@name='ammoCrossbowBoltStone']/property[@name='Stacknumber']" name="value"> 500 </setattribute>
	<setattribute xpath="/items/item[@name='ammoCrossbowBoltIron']/property[@name='Stacknumber']" name="value"> 500 </setattribute>
	<setattribute xpath="/items/item[@name='ammoCrossbowBoltSteelAP']/property[@name='Stacknumber']" name="value"> 500 </setattribute>
	<setattribute xpath="/items/item[@name='ammoCrossbowBoltFlaming']/property[@name='Stacknumber']" name="value"> 500 </setattribute>
	<setattribute xpath="/items/item[@name='ammoCrossbowBoltExploding']/property[@name='Stacknumber']" name="value"> 500 </setattribute>
	
	<!-- Changing throwable stack size -->
	<setattribute xpath="/items/item[@name='thrownAmmoPipeBomb']/property[@name='Stacknumber']" name="value"> 50 </setattribute>
	<setattribute xpath="/items/item[@name='thrownGrenadeContact']/property[@name='Stacknumber']" name="value"> 50 </setattribute>
	<setattribute xpath="/items/item[@name='thrownGrenade']/property[@name='Stacknumber']" name="value"> 50 </setattribute>
	<setattribute xpath="/items/item[@name='thrownTimedCharge']/property[@name='Stacknumber']" name="value"> 50 </setattribute>
	<setattribute xpath="/items/item[@name='thrownDynamite']/property[@name='Stacknumber']" name="value"> 50 </setattribute>
	<setattribute xpath="/items/item[@name='thrownAmmoMolotovCocktail']/property[@name='Stacknumber']" name="value"> 50 </setattribute>
	
	<!-- Changing medical items stack size -->
	<setattribute xpath="/items/item[@name='medicalAloeCream']/property[@name='Stacknumber']" name="value"> 60 </setattribute>
	<setattribute xpath="/items/item[@name='medicalBandage']/property[@name='Stacknumber']" name="value"> 15 </setattribute>
	<setattribute xpath="/items/item[@name='medicalFirstAidBandage']/property[@name='Stacknumber']" name="value"> 15 </setattribute>
	<setattribute xpath="/items/item[@name='medicalFirstAidKit']/property[@name='Stacknumber']" name="value"> 10 </setattribute>
	<setattribute xpath="/items/item[@name='medicalSplint']/property[@name='Stacknumber']" name="value"> 25 </setattribute>
	<setattribute xpath="/items/item[@name='medicalPlasterCast']/property[@name='Stacknumber']" name="value"> 10 </setattribute>
	<setattribute xpath="/items/item[@name='medicalBloodBag']/property[@name='Stacknumber']" name="value"> 30 </setattribute>
	<setattribute xpath="/items/item[@name='drugVitamins']/property[@name='Stacknumber']" name="value"> 30 </setattribute>
	<setattribute xpath="/items/item[@name='drugPainkillers']/property[@name='Stacknumber']" name="value"> 20 </setattribute>
	<setattribute xpath="/items/item[@name='drugHerbalAntibiotics']/property[@name='Stacknumber']" name="value"> 20 </setattribute>
	<setattribute xpath="/items/item[@name='drugAntibiotics']/property[@name='Stacknumber']" name="value"> 20 </setattribute>
	<setattribute xpath="/items/item[@name='drugSteroids']/property[@name='Stacknumber']" name="value"> 15 </setattribute>
	<setattribute xpath="/items/item[@name='drugRecog']/property[@name='Stacknumber']" name="value"> 15 </setattribute>
	<setattribute xpath="/items/item[@name='drugFortBites']/property[@name='Stacknum']" name="value"> 20 </setattribute>
	
	<!-- Changing drink items stack size -->
	<setattribute xpath="/items/item[@name='drinkJarEmpty']/property[@name='Stacknumber']" name="value"> 200 </setattribute>
	<setattribute xpath="/items/item[@name='drinkJarRiverWater']/property[@name='Stacknumber']" name="value"> 200 </setattribute>
	<setattribute xpath="/items/item[@name='drinkJarBoiledWater']/property[@name='Stacknumber']" name="value"> 50 </setattribute>
	<setattribute xpath="/items/item[@name='drinkJarPureMineralWater']/property[@name='Stacknumber']" name="value"> 50 </setattribute>
	<setattribute xpath="/items/item[@name='drinkJarYuccaJuice']/property[@name='Stacknumber']" name="value"> 50 </setattribute>
	<setattribute xpath="/items/item[@name='drinkJarGoldenRodTea']/property[@name='Stacknumber']" name="value"> 50 </setattribute>
	<setattribute xpath="/items/item[@name='drinkJarRedTea']/property[@name='Stacknumber']" name="value"> 50 </setattribute>
	<setattribute xpath="/items/item[@name='drinkYuccaJuiceSmoothie']/property[@name='Stacknumber']" name="value"> 50 </setattribute>
	<setattribute xpath="/items/item[@name='drinkCanMegaCrush']/property[@name='Stacknumber']" name="value"> 50 </setattribute>
	<setattribute xpath="/items/item[@name='drinkJarCoffee']/property[@name='Stacknumber']" name="value"> 50 </setattribute>
	<setattribute xpath="/items/item[@name='drinkJarBlackStrapCoffee']/property[@name='Stacknumber']" name="value"> 25 </setattribute>
	<setattribute xpath="/items/item[@name='drinkJarBeer']/property[@name='Stacknumber']" name="value"> 50 </setattribute>
	<setattribute xpath="/items/item[@name='drinkJarGrainAlcohol']/property[@name='Stacknumber']" name="value"> 50 </setattribute>
	<setattribute xpath="/items/item[@name='drinkJarGrandpasMoonshine']/property[@name='Stacknumber']" name="value"> 15 </setattribute>
	<setattribute xpath="/items/item[@name='drinkJarGrandpasAwesomeSauce']/property[@name='Stacknumber']" name="value"> 50 </setattribute>
	<setattribute xpath="/items/item[@name='drinkJarGrandpasLearningElixir']/property[@name='Stacknumber']" name="value"> 50 </setattribute>
	<setattribute xpath="/items/item[@name='drinkJarGrandpasForgettingElixir']/property[@name='Stacknumber']" name="value"> 50 </setattribute>

	
	
	
	
	
	
	
	
	
	
	
	
	
	
	
	
	
</configs>