<configs>

	<append xpath="//lootgroup[@name='commonBooks']">
	
		
	
	</append>
	
	<append xpath="//lootgroup[@name='rareBooks']">
	
		<item name="foodMRESchematic" prob="0.1" count="1"/>
		<item name="meleeToolAllSteelPartsSchematic" prob="0.1" count="1"/>
	
	</append>
	
	<append xpath="//lootgroup[@name='cannedfood']">
	
		<item name="foodMRE" prob="0.1" count="1,3"/>
	
	</append>
	
	<append xpath="//lootgroup[@name='airdropfood']">
	
		<item name="foodMRE" prob="0.3" count="2,5"/>
	
	</append>
	
	<append xpath="//lootgroup[@name='coldfood']">
	
		<item name="foodMRE" prob="0.15" count="1,3"/>
	
	</append>
	
	<append xpath="//lootgroup[@name='cannedfood']">
	
		<item name="foodMRE" prob="0.1" count="1,3"/>
	
	</append>

	<append xpath="//lootgroup[@name='cupboard']">
	
		<item name="resourceAceOfSpades" prob="0.03" count="1"/>
		<item name="foodMRESchematic" prob="0.02" count="1"/>
	
	</append>

	<append xpath="//lootgroup[@name='junk']">
	
		<item name="resourceAceOfSpades" prob="0.02" count="1"/>
	
	</append>

</configs>