<configs>

	<setattribute xpath="/spawning/biome[@name='pine_forest']/property[@name='maxcount']" name="value"> 20 </setattribute>
	<setattribute xpath="/spawning/biome[@name='pine_forest']/property[@name='respawndelay']" name="value"> 4 </setattribute>
	
	<setattribute xpath="/spawning/biome[@name='desert']/property[@name='maxcount']" name="value"> 20 </setattribute>
	<setattribute xpath="/spawning/biome[@name='desert']/property[@name='respawndelay']" name="value"> 4 </setattribute>
	
	<setattribute xpath="/spawning/biome[@name='wasteland']/property[@name='maxcount']" name="value"> 20 </setattribute>
	<setattribute xpath="/spawning/biome[@name='wasteland']/property[@name='respawndelay']" name="value"> 4 </setattribute>
	
	<setattribute xpath="/spawning/biome[@name='burnt_forest']/property[@name='maxcount']" name="value"> 20 </setattribute>
	<setattribute xpath="/spawning/biome[@name='burnt_forest']/property[@name='respawndelay']" name="value"> 4 </setattribute>
	
	<setattribute xpath="/spawning/biome[@name='snow']/property[@name='maxcount']" name="value"> 20 </setattribute>
	<setattribute xpath="/spawning/biome[@name='snow']/property[@name='respawndelay']" name="value"> 4 </setattribute>

</configs>